ID,Name,PhotoUrl
311307198,Isobel Craig,https://randomuser.me/api/portraits/women/74.jpg
940142239,Marcus Castillo,https://randomuser.me/api/portraits/men/52.jpg
710351250,Mary Myers,https://randomuser.me/api/portraits/women/13.jpg
746945549,Aubrey Berry,https://randomuser.me/api/portraits/women/83.jpg
720843372,Darrell Gray,https://randomuser.me/api/portraits/men/71.jpg
585409803,Barry Gonzalez,https://randomuser.me/api/portraits/men/10.jpg
605911303,Alexander Dixon,https://randomuser.me/api/portraits/men/69.jpg
493076182,Melissa Mills,https://randomuser.me/api/portraits/women/16.jpg
432357721,Dwayne Matthews,https://randomuser.me/api/portraits/men/79.jpg
376350124,Clifton Flores,https://randomuser.me/api/portraits/men/61.jpg
